{"cameraMode":{"drawMode":0,"name":"Shaded","section":"Shading Mode"},"sceneLighting":false,"audioPlay":false,"sceneViewState":{"showFog":true,"showMaterialUpdate":true,"showSkybox":false,"showFlares":true,"showImageEffects":true,"showParticleSystems":true},"in2DMode":false,"pivot":{"x":0.9999980926513672,"y":1.6370000839233399,"z":-0.000003874301910400391},"rotation":{"x":-0.14856760203838349,"y":-0.30766984820365908,"z":0.04847801476716995,"w":-0.9387304186820984},"size":6.443456172943115,"orthographic":false}