{"cameraMode":{"drawMode":0,"name":"Shaded","section":"Shading Mode"},"sceneLighting":true,"audioPlay":false,"sceneViewState":{"showFog":true,"showMaterialUpdate":true,"showSkybox":true,"showFlares":true,"showImageEffects":true,"showParticleSystems":true},"in2DMode":false,"pivot":{"x":4.4683308601379398,"y":12.45973014831543,"z":0.7648279666900635},"rotation":{"x":-0.012486240826547146,"y":-0.7269704937934876,"z":0.6866618394851685,"w":-0.01280136127024889},"size":6.456368446350098,"orthographic":false}