{"cameraMode":{"drawMode":0,"name":"Shaded","section":"Shading Mode"},"sceneLighting":false,"audioPlay":false,"sceneViewState":{"showFog":true,"showMaterialUpdate":true,"showSkybox":false,"showFlares":true,"showImageEffects":true,"showParticleSystems":true},"in2DMode":false,"pivot":{"x":-0.002972617745399475,"y":0.0009365379810333252,"z":0.0025000572204589845},"rotation":{"x":-0.0468825027346611,"y":0.6140972375869751,"z":-0.03642232343554497,"w":-0.7871235609054565},"size":1.0575299263000489,"orthographic":false}