{"cameraMode":{"drawMode":0,"name":"Shaded","section":"Shading Mode"},"sceneLighting":false,"audioPlay":false,"sceneViewState":{"showFog":true,"showMaterialUpdate":true,"showSkybox":false,"showFlares":true,"showImageEffects":true,"showParticleSystems":true},"in2DMode":false,"pivot":{"x":-0.0024026483297348024,"y":0.0009420514106750488,"z":0.0025000572204589845},"rotation":{"x":0.002530754776671529,"y":0.9972118735313416,"z":-0.06380967795848847,"w":0.041149038821458819},"size":1.0429363250732422,"orthographic":false}