{"cameraMode":{"drawMode":0,"name":"Shaded","section":"Shading Mode"},"sceneLighting":false,"audioPlay":false,"sceneViewState":{"showFog":true,"showMaterialUpdate":true,"showSkybox":false,"showFlares":true,"showImageEffects":true,"showParticleSystems":true},"in2DMode":false,"pivot":{"x":0.0027666091918945314,"y":0.00117415189743042,"z":0.0022068023681640627},"rotation":{"x":-0.0468825027346611,"y":0.6140972375869751,"z":-0.03642232343554497,"w":-0.7871235609054565},"size":0.9634509682655335,"orthographic":false}