{"cameraMode":{"drawMode":0,"name":"Shaded","section":"Shading Mode"},"sceneLighting":false,"audioPlay":false,"sceneViewState":{"showFog":true,"showMaterialUpdate":true,"showSkybox":false,"showFlares":true,"showImageEffects":true,"showParticleSystems":true},"in2DMode":false,"pivot":{"x":0.00010763108730316162,"y":0.0010624229907989503,"z":0.0025000572204589845},"rotation":{"x":0.002530754776671529,"y":0.9972118735313416,"z":-0.06380967795848847,"w":0.041149038821458819},"size":0.9999909400939941,"orthographic":false}