{"cameraMode":{"drawMode":0,"name":"Shaded","section":"Shading Mode"},"sceneLighting":false,"audioPlay":false,"sceneViewState":{"showFog":true,"showMaterialUpdate":true,"showSkybox":false,"showFlares":true,"showImageEffects":true,"showParticleSystems":true},"in2DMode":false,"pivot":{"x":5.438923835754395e-7,"y":1.9997327327728272,"z":2.384185791015625e-7},"rotation":{"x":0.10193042457103729,"y":-0.7917410731315613,"z":0.13738848268985749,"w":0.5866134166717529},"size":16.271900177001954,"orthographic":false}