{"cameraMode":{"drawMode":0,"name":"Shaded","section":"Shading Mode"},"sceneLighting":false,"audioPlay":false,"sceneViewState":{"showFog":true,"showMaterialUpdate":true,"showSkybox":false,"showFlares":true,"showImageEffects":true,"showParticleSystems":true},"in2DMode":false,"pivot":{"x":-0.18051651120185853,"y":0.7553555965423584,"z":0.06651687622070313},"rotation":{"x":-0.17658184468746186,"y":-0.06660561263561249,"z":0.011913380585610867,"w":-0.9820914268493652},"size":2.6490840911865236,"orthographic":false}