{"cameraMode":{"drawMode":0,"name":"Shaded","section":"Shading Mode"},"sceneLighting":false,"audioPlay":false,"sceneViewState":{"showFog":true,"showMaterialUpdate":false,"showSkybox":false,"showFlares":true,"showImageEffects":true,"showParticleSystems":true},"in2DMode":false,"pivot":{"x":-0.009202957153320313,"y":2.533228874206543,"z":0.21392501890659333},"rotation":{"x":-0.06767044216394425,"y":0.4353334307670593,"z":-0.03289208561182022,"w":-0.8971580862998962},"size":3.5473294258117677,"orthographic":false}