{"cameraMode":{"drawMode":0,"name":"Shaded","section":"Shading Mode"},"sceneLighting":false,"audioPlay":false,"sceneViewState":{"showFog":true,"showMaterialUpdate":true,"showSkybox":false,"showFlares":true,"showImageEffects":true,"showParticleSystems":true},"in2DMode":false,"pivot":{"x":-0.15857471525669099,"y":0.061010006815195087,"z":2.543229579925537},"rotation":{"x":0.002530754776671529,"y":0.9972118735313416,"z":-0.06380967795848847,"w":0.041149038821458819},"size":0.9780208468437195,"orthographic":false}