{"cameraMode":{"drawMode":0,"name":"Shaded","section":"Shading Mode"},"sceneLighting":false,"audioPlay":false,"sceneViewState":{"showFog":true,"showMaterialUpdate":true,"showSkybox":false,"showFlares":true,"showImageEffects":true,"showParticleSystems":true},"in2DMode":false,"pivot":{"x":-0.009202957153320313,"y":2.533228874206543,"z":0.21392501890659333},"rotation":{"x":-0.000211025879252702,"y":-0.999788224697113,"z":0.01349818054586649,"w":-0.015600386075675488},"size":3.5473294258117677,"orthographic":false}