{"cameraMode":{"drawMode":0,"name":"Shaded","section":"Shading Mode"},"sceneLighting":false,"audioPlay":false,"sceneViewState":{"showFog":true,"showMaterialUpdate":false,"showSkybox":false,"showFlares":true,"showImageEffects":true,"showParticleSystems":true},"in2DMode":false,"pivot":{"x":-1.871519684791565,"y":2.2896463871002199,"z":-0.7897418737411499},"rotation":{"x":0.009660552255809307,"y":0.8651859760284424,"z":0.016581453382968904,"w":-0.5011605620384216},"size":2.8222386837005617,"orthographic":false}