{"cameraMode":{"drawMode":0,"name":"Shaded","section":"Shading Mode"},"sceneLighting":false,"audioPlay":false,"sceneViewState":{"showFog":true,"showMaterialUpdate":false,"showSkybox":false,"showFlares":true,"showImageEffects":true,"showParticleSystems":true},"in2DMode":false,"pivot":{"x":-0.21410492062568665,"y":0.28705912828445437,"z":0.10102740675210953},"rotation":{"x":-0.010131887160241604,"y":0.9882485270500183,"z":-0.1351190209388733,"w":-0.07237488776445389},"size":2.198295831680298,"orthographic":false}