{"cameraMode":{"drawMode":0,"name":"Shaded","section":"Shading Mode"},"sceneLighting":false,"audioPlay":false,"sceneViewState":{"showFog":true,"showMaterialUpdate":false,"showSkybox":false,"showFlares":true,"showImageEffects":true,"showParticleSystems":true},"in2DMode":false,"pivot":{"x":-3.5809519290924074,"y":-1.3907952308654786,"z":-0.7849828004837036},"rotation":{"x":0.16291287541389466,"y":-0.7949628233909607,"z":0.24419096112251283,"w":0.5311486124992371},"size":6.396296501159668,"orthographic":false}