{"cameraMode":{"drawMode":0,"name":"Shaded","section":"Shading Mode"},"sceneLighting":false,"audioPlay":false,"sceneViewState":{"showFog":true,"showMaterialUpdate":false,"showSkybox":false,"showFlares":true,"showImageEffects":true,"showParticleSystems":true},"in2DMode":false,"pivot":{"x":-1.3377618789672852,"y":0.3526495397090912,"z":0.6965432167053223},"rotation":{"x":0.20572586357593537,"y":-0.4156534969806671,"z":0.09710332006216049,"w":0.8806154131889343},"size":3.581709384918213,"orthographic":false}