{"cameraMode":{"drawMode":0,"name":"Shaded","section":"Shading Mode"},"sceneLighting":false,"audioPlay":false,"sceneViewState":{"showFog":true,"showMaterialUpdate":false,"showSkybox":false,"showFlares":true,"showImageEffects":true,"showParticleSystems":true},"in2DMode":false,"pivot":{"x":-1.3264343738555909,"y":0.025925278663635255,"z":-2.132565975189209},"rotation":{"x":-0.16467508673667909,"y":-0.7309287786483765,"z":0.1891976147890091,"w":-0.6348853707313538},"size":1.572120189666748,"orthographic":false}