{"cameraMode":{"drawMode":0,"name":"Shaded","section":"Shading Mode"},"sceneLighting":false,"audioPlay":false,"sceneViewState":{"showFog":true,"showMaterialUpdate":false,"showSkybox":false,"showFlares":true,"showImageEffects":true,"showParticleSystems":true},"in2DMode":false,"pivot":{"x":2.575699806213379,"y":2.0164287090301515,"z":-0.5791952610015869},"rotation":{"x":0.09502475708723068,"y":-0.9048730134963989,"z":0.2898183763027191,"w":0.2973840534687042},"size":1.358077883720398,"orthographic":false}