{"cameraMode":{"drawMode":0,"name":"Shaded","section":"Shading Mode"},"sceneLighting":false,"audioPlay":false,"sceneViewState":{"showFog":true,"showMaterialUpdate":false,"showSkybox":false,"showFlares":true,"showImageEffects":true,"showParticleSystems":true},"in2DMode":false,"pivot":{"x":0.49999991059303286,"y":1.0,"z":-1.0315638832025798e-7},"rotation":{"x":-0.033729612827301028,"y":-0.9065121412277222,"z":0.07454126328229904,"w":-0.4144175946712494},"size":3.6895124912261965,"orthographic":false}