{"cameraMode":{"drawMode":0,"name":"Shaded","section":"Shading Mode"},"sceneLighting":false,"audioPlay":false,"sceneViewState":{"showFog":true,"showMaterialUpdate":false,"showSkybox":false,"showFlares":true,"showImageEffects":true,"showParticleSystems":true},"in2DMode":false,"pivot":{"x":7.416640281677246,"y":-5.683258056640625,"z":12.660314559936524},"rotation":{"x":-0.10515829920768738,"y":-0.6086698770523071,"z":0.08162086457014084,"w":-0.7823103070259094},"size":6.022267818450928,"orthographic":false}