{"cameraMode":{"drawMode":0,"name":"Shaded","section":"Shading Mode"},"sceneLighting":true,"audioPlay":false,"sceneViewState":{"showFog":true,"showMaterialUpdate":false,"showSkybox":false,"showFlares":true,"showImageEffects":true,"showParticleSystems":true},"in2DMode":false,"pivot":{"x":0.8792302012443543,"y":-0.09340175986289978,"z":-0.5304226279258728},"rotation":{"x":-0.02352823317050934,"y":-0.8757717609405518,"z":0.04284416511654854,"w":-0.4803101420402527},"size":1.4289418458938599,"orthographic":false}