{"cameraMode":{"drawMode":0,"name":"Shaded","section":"Shading Mode"},"sceneLighting":false,"audioPlay":false,"sceneViewState":{"showFog":true,"showMaterialUpdate":false,"showSkybox":false,"showFlares":true,"showImageEffects":true,"showParticleSystems":true},"in2DMode":false,"pivot":{"x":-0.9684361219406128,"y":0.5590755939483643,"z":1.824532389640808},"rotation":{"x":-0.16467508673667909,"y":-0.7309287786483765,"z":0.1891976147890091,"w":-0.6348853707313538},"size":3.52888822555542,"orthographic":false}