{"cameraMode":{"drawMode":0,"name":"Shaded","section":"Shading Mode"},"sceneLighting":false,"audioPlay":false,"sceneViewState":{"showFog":true,"showMaterialUpdate":false,"showSkybox":false,"showFlares":true,"showImageEffects":true,"showParticleSystems":true},"in2DMode":false,"pivot":{"x":-46.50314712524414,"y":3.5442776679992677,"z":-40.27184295654297},"rotation":{"x":0.014335548505187035,"y":0.9856820702552795,"z":-0.11885247379541397,"w":0.11886236071586609},"size":22.0,"orthographic":false}