{"cameraMode":{"drawMode":0,"name":"Shaded","section":"Shading Mode"},"sceneLighting":false,"audioPlay":false,"sceneViewState":{"showFog":true,"showMaterialUpdate":false,"showSkybox":false,"showFlares":true,"showImageEffects":true,"showParticleSystems":true},"in2DMode":false,"pivot":{"x":0.851911187171936,"y":1.5536772012710572,"z":0.9877442121505737},"rotation":{"x":-0.18826863169670106,"y":0.5742966532707214,"z":-0.13784301280975343,"w":-0.7847275137901306},"size":2.152445077896118,"orthographic":false}