{"cameraMode":{"drawMode":0,"name":"Shaded","section":"Shading Mode"},"sceneLighting":false,"audioPlay":false,"sceneViewState":{"showFog":true,"showMaterialUpdate":false,"showSkybox":false,"showFlares":true,"showImageEffects":true,"showParticleSystems":true},"in2DMode":false,"pivot":{"x":-4.351668834686279,"y":0.2273966670036316,"z":-4.110461711883545},"rotation":{"x":-0.0023386897519230844,"y":-0.9966786503791809,"z":0.07939331233501435,"w":-0.023657452315092088},"size":0.9283844828605652,"orthographic":false}