{"cameraMode":{"drawMode":0,"name":"Shaded","section":"Shading Mode"},"sceneLighting":false,"audioPlay":false,"sceneViewState":{"showFog":true,"showMaterialUpdate":false,"showSkybox":false,"showFlares":true,"showImageEffects":true,"showParticleSystems":true},"in2DMode":false,"pivot":{"x":0.19406086206436158,"y":0.47569364309310915,"z":0.6450319886207581},"rotation":{"x":-0.024313872680068017,"y":0.9741782546043396,"z":-0.12843924760818482,"w":-0.1841970980167389},"size":0.7193564176559448,"orthographic":false}