{"cameraMode":{"drawMode":0,"name":"Shaded","section":"Shading Mode"},"sceneLighting":false,"audioPlay":false,"sceneViewState":{"showFog":true,"showMaterialUpdate":false,"showSkybox":false,"showFlares":true,"showImageEffects":true,"showParticleSystems":true},"in2DMode":false,"pivot":{"x":2.0504322052001955,"y":-0.16943374276161195,"z":0.8156466484069824},"rotation":{"x":0.05797400325536728,"y":-0.7876531481742859,"z":0.07446225732564926,"w":0.6089900135993958},"size":0.7324985265731812,"orthographic":false}