{"cameraMode":{"drawMode":0,"name":"Shaded","section":"Shading Mode"},"sceneLighting":false,"audioPlay":false,"sceneViewState":{"showFog":true,"showMaterialUpdate":false,"showSkybox":false,"showFlares":true,"showImageEffects":true,"showParticleSystems":true},"in2DMode":false,"pivot":{"x":-1.9714466333389283,"y":0.2259027361869812,"z":-3.3736486434936525},"rotation":{"x":-0.19758181273937226,"y":-0.5263321995735169,"z":0.12688754498958589,"w":-0.8173606991767883},"size":1.1426045894622803,"orthographic":false}