{"cameraMode":{"drawMode":0,"name":"Shaded","section":"Shading Mode"},"sceneLighting":false,"audioPlay":false,"sceneViewState":{"showFog":true,"showMaterialUpdate":false,"showSkybox":false,"showFlares":true,"showImageEffects":true,"showParticleSystems":true},"in2DMode":false,"pivot":{"x":-3.5457441806793215,"y":-0.6634186506271362,"z":-10.046436309814454},"rotation":{"x":0.00466036144644022,"y":-0.9778560400009155,"z":0.20843325555324555,"w":0.023783376440405847},"size":12.924484252929688,"orthographic":false}