{"cameraMode":{"drawMode":0,"name":"Shaded","section":"Shading Mode"},"sceneLighting":false,"audioPlay":false,"sceneViewState":{"showFog":true,"showMaterialUpdate":false,"showSkybox":false,"showFlares":true,"showImageEffects":true,"showParticleSystems":true},"in2DMode":false,"pivot":{"x":-58.525123596191409,"y":22.012739181518556,"z":-25.64702606201172},"rotation":{"x":-0.19601953029632569,"y":0.6304890513420105,"z":-0.16919299960136414,"w":-0.7318726181983948},"size":6.963883399963379,"orthographic":false}