{"cameraMode":{"drawMode":0,"name":"Shaded","section":"Shading Mode"},"sceneLighting":false,"audioPlay":false,"sceneViewState":{"showFog":true,"showMaterialUpdate":false,"showSkybox":false,"showFlares":true,"showImageEffects":true,"showParticleSystems":true},"in2DMode":false,"pivot":{"x":-0.043068885803222659,"y":1.1948163509368897,"z":-0.02061605453491211},"rotation":{"x":0.2889162003993988,"y":0.10769131779670716,"z":-0.032252345234155658,"w":0.9509943127632141},"size":5.647268772125244,"orthographic":false}