{"cameraMode":{"drawMode":0,"name":"Shaded","section":"Shading Mode"},"sceneLighting":true,"audioPlay":false,"sceneViewState":{"showFog":true,"showMaterialUpdate":false,"showSkybox":false,"showFlares":true,"showImageEffects":true,"showParticleSystems":true},"in2DMode":false,"pivot":{"x":0.43932291865348818,"y":0.7113986015319824,"z":-1.226212739944458},"rotation":{"x":-0.1510469764471054,"y":-0.2531227171421051,"z":0.0400230847299099,"w":-0.9547654390335083},"size":1.2208307981491089,"orthographic":false}