{"cameraMode":{"drawMode":0,"name":"Shaded","section":"Shading Mode"},"sceneLighting":false,"audioPlay":false,"sceneViewState":{"showFog":true,"showMaterialUpdate":false,"showSkybox":false,"showFlares":true,"showImageEffects":true,"showParticleSystems":true},"in2DMode":false,"pivot":{"x":-0.25000083446502688,"y":1.3749985694885255,"z":0.2500002384185791},"rotation":{"x":-0.037187833338975909,"y":0.9580637216567993,"z":-0.24361425638198853,"w":-0.14626839756965638},"size":4.685101509094238,"orthographic":false}