{"cameraMode":{"drawMode":0,"name":"Shaded","section":"Shading Mode"},"sceneLighting":false,"audioPlay":false,"sceneViewState":{"showFog":true,"showMaterialUpdate":false,"showSkybox":false,"showFlares":true,"showImageEffects":true,"showParticleSystems":true},"in2DMode":false,"pivot":{"x":2.006640672683716,"y":0.33486974239349368,"z":-2.4037623405456545},"rotation":{"x":-0.010141708888113499,"y":-0.9902257323265076,"z":0.10133036226034165,"w":-0.09658705443143845},"size":1.8797415494918824,"orthographic":false}