{"cameraMode":{"drawMode":0,"name":"Shaded","section":"Shading Mode"},"sceneLighting":false,"audioPlay":false,"sceneViewState":{"showFog":true,"showMaterialUpdate":false,"showSkybox":false,"showFlares":true,"showImageEffects":true,"showParticleSystems":true},"in2DMode":false,"pivot":{"x":0.5049030184745789,"y":4.649663925170898,"z":3.119938611984253},"rotation":{"x":-0.02900906279683113,"y":-0.8567255139350891,"z":0.5128592252731323,"w":-0.04877036437392235},"size":0.313367635011673,"orthographic":false}