{"cameraMode":{"drawMode":0,"name":"Shaded","section":"Shading Mode"},"sceneLighting":false,"audioPlay":false,"sceneViewState":{"showFog":true,"showMaterialUpdate":false,"showSkybox":false,"showFlares":true,"showImageEffects":true,"showParticleSystems":true},"in2DMode":false,"pivot":{"x":-52.03900146484375,"y":12.0,"z":-35.58599853515625},"rotation":{"x":0.10778652876615524,"y":-0.013741105794906617,"z":0.0013977427734062076,"w":0.9941155314445496},"size":3.39731764793396,"orthographic":false}