{"cameraMode":{"drawMode":0,"name":"Shaded","section":"Shading Mode"},"sceneLighting":false,"audioPlay":false,"sceneViewState":{"showFog":true,"showMaterialUpdate":false,"showSkybox":false,"showFlares":true,"showImageEffects":true,"showParticleSystems":true},"in2DMode":false,"pivot":{"x":-57.74699783325195,"y":6.529272556304932,"z":-24.449871063232423},"rotation":{"x":0.09697771072387696,"y":0.881615400314331,"z":-0.412895530462265,"w":0.2070697844028473},"size":1.7204698324203492,"orthographic":false}