{"cameraMode":{"drawMode":0,"name":"Shaded","section":"Shading Mode"},"sceneLighting":false,"audioPlay":false,"sceneViewState":{"showFog":true,"showMaterialUpdate":false,"showSkybox":false,"showFlares":true,"showImageEffects":true,"showParticleSystems":true},"in2DMode":false,"pivot":{"x":0.00207558274269104,"y":0.001169547438621521,"z":0.0025000572204589845},"rotation":{"x":0.09417293220758438,"y":-0.06570146977901459,"z":0.006125918123871088,"w":0.9934823513031006},"size":2.119464159011841,"orthographic":false}