{"cameraMode":{"drawMode":0,"name":"Shaded","section":"Shading Mode"},"sceneLighting":false,"audioPlay":false,"sceneViewState":{"showFog":true,"showMaterialUpdate":false,"showSkybox":false,"showFlares":true,"showImageEffects":true,"showParticleSystems":true},"in2DMode":false,"pivot":{"x":0.009824186563491822,"y":0.2692317068576813,"z":-1.790403127670288},"rotation":{"x":-0.06355085223913193,"y":-0.9103008508682251,"z":0.15148292481899262,"w":-0.3802831470966339},"size":1.0420392751693726,"orthographic":false}