{"cameraMode":{"drawMode":0,"name":"Shaded","section":"Shading Mode"},"sceneLighting":false,"audioPlay":false,"sceneViewState":{"showFog":true,"showMaterialUpdate":false,"showSkybox":false,"showFlares":true,"showImageEffects":true,"showParticleSystems":true},"in2DMode":false,"pivot":{"x":-1.6990630626678467,"y":-0.19152814149856568,"z":4.0010666847229},"rotation":{"x":0.08066138625144959,"y":-0.07854831218719483,"z":0.006383977830410004,"w":0.9936457276344299},"size":5.614706039428711,"orthographic":false}