{"cameraMode":{"drawMode":0,"name":"Shaded","section":"Shading Mode"},"sceneLighting":false,"audioPlay":false,"sceneViewState":{"showFog":true,"showMaterialUpdate":false,"showSkybox":false,"showFlares":true,"showImageEffects":true,"showParticleSystems":true},"in2DMode":false,"pivot":{"x":-9.707518577575684,"y":1.3708208799362183,"z":-4.890167236328125},"rotation":{"x":-0.04119623452425003,"y":-0.9530445337295532,"z":0.14982759952545167,"w":-0.2604008615016937},"size":4.7035722732543949,"orthographic":false}