{"cameraMode":{"drawMode":0,"name":"Shaded","section":"Shading Mode"},"sceneLighting":false,"audioPlay":false,"sceneViewState":{"showFog":true,"showMaterialUpdate":false,"showSkybox":false,"showFlares":true,"showImageEffects":true,"showParticleSystems":true},"in2DMode":false,"pivot":{"x":-9.777670860290528,"y":2.1870479583740236,"z":-7.802316188812256},"rotation":{"x":-0.16467508673667909,"y":-0.7309287786483765,"z":0.1891976147890091,"w":-0.6348853707313538},"size":7.362286567687988,"orthographic":false}