{"cameraMode":{"drawMode":0,"name":"Shaded","section":"Shading Mode"},"sceneLighting":true,"audioPlay":false,"sceneViewState":{"showFog":true,"showMaterialUpdate":false,"showSkybox":false,"showFlares":true,"showImageEffects":true,"showParticleSystems":true},"in2DMode":false,"pivot":{"x":2.115689992904663,"y":0.9070619344711304,"z":-1.8366789817810059},"rotation":{"x":-0.03137248754501343,"y":-0.8194992542266846,"z":0.04501839727163315,"w":-0.5705036520957947},"size":1.4289418458938599,"orthographic":false}