{"cameraMode":{"drawMode":0,"name":"Shaded","section":"Shading Mode"},"sceneLighting":false,"audioPlay":false,"sceneViewState":{"showFog":true,"showMaterialUpdate":false,"showSkybox":false,"showFlares":true,"showImageEffects":true,"showParticleSystems":true},"in2DMode":false,"pivot":{"x":0.37706559896469118,"y":0.259461373090744,"z":-0.3331521153450012},"rotation":{"x":0.10348169505596161,"y":0.8749850392341614,"z":-0.21498771011829377,"w":0.4214375913143158},"size":1.7893025875091553,"orthographic":false}