{"cameraMode":{"drawMode":0,"name":"Shaded","section":"Shading Mode"},"sceneLighting":true,"audioPlay":false,"sceneViewState":{"showFog":true,"showMaterialUpdate":false,"showSkybox":false,"showFlares":true,"showImageEffects":true,"showParticleSystems":true},"in2DMode":false,"pivot":{"x":2.5542726516723635,"y":7.978525638580322,"z":2.0018882751464845},"rotation":{"x":-0.23701761662960053,"y":-0.031818240880966189,"z":0.00777199724689126,"w":-0.9710759520530701},"size":91.71452331542969,"orthographic":false}