{"cameraMode":{"drawMode":0,"name":"Shaded","section":"Shading Mode"},"sceneLighting":false,"audioPlay":false,"sceneViewState":{"showFog":true,"showMaterialUpdate":false,"showSkybox":false,"showFlares":true,"showImageEffects":true,"showParticleSystems":true},"in2DMode":false,"pivot":{"x":-55.323448181152347,"y":6.569447040557861,"z":-26.04104232788086},"rotation":{"x":0.19170211255550385,"y":-0.5237548351287842,"z":0.12249860912561417,"w":0.8209842443466187},"size":3.780590772628784,"orthographic":false}