{"cameraMode":{"drawMode":0,"name":"Shaded","section":"Shading Mode"},"sceneLighting":false,"audioPlay":false,"sceneViewState":{"showFog":true,"showMaterialUpdate":false,"showSkybox":false,"showFlares":true,"showImageEffects":true,"showParticleSystems":true},"in2DMode":false,"pivot":{"x":-0.33110326528549197,"y":0.7975919842720032,"z":0.22065018117427827},"rotation":{"x":-0.1738913506269455,"y":0.702385425567627,"z":-0.18352463841438294,"w":-0.6654097437858582},"size":1.638486385345459,"orthographic":false}