{"cameraMode":{"drawMode":0,"name":"Shaded","section":"Shading Mode"},"sceneLighting":false,"audioPlay":false,"sceneViewState":{"showFog":true,"showMaterialUpdate":false,"showSkybox":false,"showFlares":true,"showImageEffects":true,"showParticleSystems":true},"in2DMode":false,"pivot":{"x":0.8422877788543701,"y":0.2789892554283142,"z":-2.180903434753418},"rotation":{"x":-0.06355085223913193,"y":-0.9103008508682251,"z":0.15148292481899262,"w":-0.3802831470966339},"size":1.0418133735656739,"orthographic":false}