{"cameraMode":{"drawMode":0,"name":"Shaded","section":"Shading Mode"},"sceneLighting":false,"audioPlay":false,"sceneViewState":{"showFog":true,"showMaterialUpdate":false,"showSkybox":false,"showFlares":true,"showImageEffects":true,"showParticleSystems":true},"in2DMode":false,"pivot":{"x":-0.2529066801071167,"y":0.2670210301876068,"z":-2.3409032821655275},"rotation":{"x":-0.06355085223913193,"y":-0.9103008508682251,"z":0.15148292481899262,"w":-0.3802831470966339},"size":1.0418132543563843,"orthographic":false}