{"cameraMode":{"drawMode":0,"name":"Shaded","section":"Shading Mode"},"sceneLighting":false,"audioPlay":false,"sceneViewState":{"showFog":true,"showMaterialUpdate":false,"showSkybox":false,"showFlares":true,"showImageEffects":true,"showParticleSystems":true},"in2DMode":false,"pivot":{"x":-0.31501373648643496,"y":0.7127218842506409,"z":0.3332030177116394},"rotation":{"x":0.08260045200586319,"y":-0.8452284932136536,"z":0.13613583147525788,"w":0.5103148221969605},"size":2.3334527015686037,"orthographic":false}