{"cameraMode":{"drawMode":0,"name":"Shaded","section":"Shading Mode"},"sceneLighting":false,"audioPlay":false,"sceneViewState":{"showFog":true,"showMaterialUpdate":false,"showSkybox":false,"showFlares":true,"showImageEffects":true,"showParticleSystems":true},"in2DMode":false,"pivot":{"x":-9.688373565673829,"y":0.656952977180481,"z":-3.5080161094665529},"rotation":{"x":-0.04119623452425003,"y":-0.9530445337295532,"z":0.14982759952545167,"w":-0.2604008615016937},"size":5.975655555725098,"orthographic":false}