{"cameraMode":{"drawMode":0,"name":"Shaded","section":"Shading Mode"},"sceneLighting":true,"audioPlay":false,"sceneViewState":{"showFog":true,"showMaterialUpdate":false,"showSkybox":true,"showFlares":true,"showImageEffects":true,"showParticleSystems":true},"in2DMode":false,"pivot":{"x":266.1014099121094,"y":276.8098449707031,"z":64.57957458496094},"rotation":{"x":0.09417293220758438,"y":-0.06570146977901459,"z":0.006125918123871088,"w":0.9934823513031006},"size":1715.201904296875,"orthographic":false}