{"cameraMode":{"drawMode":0,"name":"Shaded","section":"Shading Mode"},"sceneLighting":false,"audioPlay":false,"sceneViewState":{"showFog":true,"showMaterialUpdate":false,"showSkybox":false,"showFlares":true,"showImageEffects":true,"showParticleSystems":true},"in2DMode":false,"pivot":{"x":5.023568153381348,"y":0.42458638548851015,"z":1.2581791877746583},"rotation":{"x":-0.16729851067066194,"y":0.60906982421875,"z":-0.13400545716285706,"w":-0.7637630105018616},"size":11.436095237731934,"orthographic":false}