{"cameraMode":{"drawMode":0,"name":"Shaded","section":"Shading Mode"},"sceneLighting":true,"audioPlay":false,"sceneViewState":{"showFog":true,"showMaterialUpdate":false,"showSkybox":false,"showFlares":true,"showImageEffects":true,"showParticleSystems":true},"in2DMode":false,"pivot":{"x":-12.520000457763672,"y":2.1870479583740236,"z":-7.4229044914245609},"rotation":{"x":-0.03513122349977493,"y":0.7418126463890076,"z":-0.03898097202181816,"w":-0.6685512661933899},"size":11.439176559448243,"orthographic":true}