{"cameraMode":{"drawMode":0,"name":"Shaded","section":"Shading Mode"},"sceneLighting":true,"audioPlay":false,"sceneViewState":{"showFog":false,"showMaterialUpdate":false,"showSkybox":false,"showFlares":false,"showImageEffects":true,"showParticleSystems":false},"in2DMode":false,"pivot":{"x":-46.46659469604492,"y":7.774228096008301,"z":-3.6220664978027345},"rotation":{"x":0.5062882900238037,"y":0.2913866937160492,"z":-0.18678544461727143,"w":0.789888322353363},"size":2.9105751514434816,"orthographic":false}