{"cameraMode":{"drawMode":0,"name":"Shaded","section":"Shading Mode"},"sceneLighting":true,"audioPlay":false,"sceneViewState":{"showFog":false,"showMaterialUpdate":false,"showSkybox":false,"showFlares":false,"showImageEffects":true,"showParticleSystems":false},"in2DMode":false,"pivot":{"x":-66.06770324707031,"y":47.95164108276367,"z":6.333205223083496},"rotation":{"x":-0.001030141836963594,"y":0.8704085350036621,"z":-0.49271392822265627,"w":0.00318845734000206},"size":3.967655658721924,"orthographic":false}