{"cameraMode":{"drawMode":0,"name":"Shaded","section":"Shading Mode"},"sceneLighting":false,"audioPlay":false,"sceneViewState":{"showFog":true,"showMaterialUpdate":false,"showSkybox":false,"showFlares":true,"showImageEffects":true,"showParticleSystems":true},"in2DMode":false,"pivot":{"x":-3.7266428470611574,"y":0.24464601278305055,"z":-4.880307197570801},"rotation":{"x":0.0012345361756160856,"y":-0.996734082698822,"z":0.07941816747188568,"w":0.02120201289653778},"size":3.822108745574951,"orthographic":false}