{"cameraMode":{"drawMode":0,"name":"Shaded","section":"Shading Mode"},"sceneLighting":false,"audioPlay":false,"sceneViewState":{"showFog":true,"showMaterialUpdate":false,"showSkybox":false,"showFlares":true,"showImageEffects":true,"showParticleSystems":true},"in2DMode":false,"pivot":{"x":-57.5645637512207,"y":7.0981831550598148,"z":-35.46153259277344},"rotation":{"x":0.23321551084518434,"y":0.3425074517726898,"z":-0.08823898434638977,"w":0.9058576226234436},"size":4.0010857582092289,"orthographic":false}