{"cameraMode":{"drawMode":0,"name":"Shaded","section":"Shading Mode"},"sceneLighting":false,"audioPlay":false,"sceneViewState":{"showFog":true,"showMaterialUpdate":false,"showSkybox":false,"showFlares":true,"showImageEffects":true,"showParticleSystems":true},"in2DMode":false,"pivot":{"x":-1.2675409317016602,"y":1.2030975818634034,"z":-4.131257057189941},"rotation":{"x":-0.24452254176139832,"y":0.23761485517024995,"z":-0.06194020435214043,"w":-0.9380360245704651},"size":4.379395008087158,"orthographic":false}