{"cameraMode":{"drawMode":0,"name":"Shaded","section":"Shading Mode"},"sceneLighting":false,"audioPlay":false,"sceneViewState":{"showFog":false,"showMaterialUpdate":false,"showSkybox":false,"showFlares":false,"showImageEffects":true,"showParticleSystems":false},"in2DMode":false,"pivot":{"x":-0.043068885803222659,"y":1.1948163509368897,"z":-0.02061605453491211},"rotation":{"x":0.18935203552246095,"y":-0.0005724713555537164,"z":0.00011706676741596311,"w":0.9819208383560181},"size":1.9585133790969849,"orthographic":false}