{"cameraMode":{"drawMode":0,"name":"Shaded","section":"Shading Mode"},"sceneLighting":false,"audioPlay":false,"sceneViewState":{"showFog":false,"showMaterialUpdate":false,"showSkybox":false,"showFlares":false,"showImageEffects":true,"showParticleSystems":false},"in2DMode":false,"pivot":{"x":-56.047393798828128,"y":7.197697162628174,"z":-34.577850341796878},"rotation":{"x":-0.007339784875512123,"y":-0.9672536849975586,"z":0.25213876366615298,"w":-0.028156815096735956},"size":2.225277900695801,"orthographic":false}