{"cameraMode":{"drawMode":0,"name":"Shaded","section":"Shading Mode"},"sceneLighting":false,"audioPlay":false,"sceneViewState":{"showFog":true,"showMaterialUpdate":false,"showSkybox":false,"showFlares":true,"showImageEffects":true,"showParticleSystems":true},"in2DMode":false,"pivot":{"x":-0.11394423246383667,"y":1.086294174194336,"z":-0.048673197627067569},"rotation":{"x":0.20572586357593537,"y":-0.4156534969806671,"z":0.09710332006216049,"w":0.8806154131889343},"size":0.9975907802581787,"orthographic":false}