{"cameraMode":{"drawMode":0,"name":"Shaded","section":"Shading Mode"},"sceneLighting":false,"audioPlay":false,"sceneViewState":{"showFog":true,"showMaterialUpdate":false,"showSkybox":false,"showFlares":true,"showImageEffects":true,"showParticleSystems":true},"in2DMode":false,"pivot":{"x":-0.8090757131576538,"y":0.6890938878059387,"z":0.025428757071495057},"rotation":{"x":-0.16467508673667909,"y":-0.7309287786483765,"z":0.1891976147890091,"w":-0.6348853707313538},"size":3.974203109741211,"orthographic":false}