{"cameraMode":{"drawMode":0,"name":"Shaded","section":"Shading Mode"},"sceneLighting":false,"audioPlay":false,"sceneViewState":{"showFog":true,"showMaterialUpdate":false,"showSkybox":false,"showFlares":true,"showImageEffects":true,"showParticleSystems":true},"in2DMode":false,"pivot":{"x":-1.6183878183364869,"y":0.02846413291990757,"z":-3.266976833343506},"rotation":{"x":-0.19758181273937226,"y":-0.5263321995735169,"z":0.12688754498958589,"w":-0.8173606991767883},"size":0.20095178484916688,"orthographic":false}