{"cameraMode":{"drawMode":0,"name":"Shaded","section":"Shading Mode"},"sceneLighting":false,"audioPlay":false,"sceneViewState":{"showFog":true,"showMaterialUpdate":false,"showSkybox":false,"showFlares":true,"showImageEffects":true,"showParticleSystems":true},"in2DMode":false,"pivot":{"x":-5.829653263092041,"y":-2.80108904838562,"z":-14.407110214233399},"rotation":{"x":0.023626970127224923,"y":-0.9739180207252502,"z":0.18937771022319795,"w":0.12367355078458786},"size":12.924484252929688,"orthographic":false}