{"cameraMode":{"drawMode":0,"name":"Shaded","section":"Shading Mode"},"sceneLighting":false,"audioPlay":false,"sceneViewState":{"showFog":true,"showMaterialUpdate":false,"showSkybox":false,"showFlares":true,"showImageEffects":true,"showParticleSystems":true},"in2DMode":false,"pivot":{"x":1.8539905548095704,"y":2.946256637573242,"z":-5.963771343231201},"rotation":{"x":0.20223766565322877,"y":-0.26220187544822695,"z":0.05629785731434822,"w":0.941905677318573},"size":5.647268295288086,"orthographic":false}