{"cameraMode":{"drawMode":0,"name":"Shaded","section":"Shading Mode"},"sceneLighting":false,"audioPlay":false,"sceneViewState":{"showFog":true,"showMaterialUpdate":false,"showSkybox":false,"showFlares":true,"showImageEffects":true,"showParticleSystems":true},"in2DMode":false,"pivot":{"x":-9.826330184936524,"y":0.09843754768371582,"z":8.997981071472168},"rotation":{"x":0.14422458410263062,"y":0.6240920424461365,"z":-0.11812950670719147,"w":0.7589514851570129},"size":5.850327968597412,"orthographic":false}