{"cameraMode":{"drawMode":0,"name":"Shaded","section":"Shading Mode"},"sceneLighting":false,"audioPlay":false,"sceneViewState":{"showFog":true,"showMaterialUpdate":false,"showSkybox":false,"showFlares":true,"showImageEffects":true,"showParticleSystems":true},"in2DMode":false,"pivot":{"x":-1.4588526487350464,"y":0.02515530213713646,"z":-2.9677674770355226},"rotation":{"x":-0.19758181273937226,"y":-0.5263321995735169,"z":0.12688754498958589,"w":-0.8173606991767883},"size":1.2970253229141236,"orthographic":false}