{"cameraMode":{"drawMode":0,"name":"Shaded","section":"Shading Mode"},"sceneLighting":false,"audioPlay":false,"sceneViewState":{"showFog":true,"showMaterialUpdate":false,"showSkybox":false,"showFlares":true,"showImageEffects":true,"showParticleSystems":true},"in2DMode":false,"pivot":{"x":1.4333391189575196,"y":0.37383103370666506,"z":-0.307155966758728},"rotation":{"x":0.12409781664609909,"y":0.832089900970459,"z":-0.2068224400281906,"w":0.49949756264686587},"size":4.82844352722168,"orthographic":false}