{"cameraMode":{"drawMode":0,"name":"Shaded","section":"Shading Mode"},"sceneLighting":false,"audioPlay":false,"sceneViewState":{"showFog":true,"showMaterialUpdate":false,"showSkybox":false,"showFlares":true,"showImageEffects":true,"showParticleSystems":true},"in2DMode":false,"pivot":{"x":-57.623836517333987,"y":6.768679618835449,"z":-32.19965744018555},"rotation":{"x":-0.15875136852264405,"y":0.7124840617179871,"z":-0.17102111876010896,"w":-0.6618720293045044},"size":2.653869390487671,"orthographic":false}