{"cameraMode":{"drawMode":0,"name":"Shaded","section":"Shading Mode"},"sceneLighting":false,"audioPlay":false,"sceneViewState":{"showFog":true,"showMaterialUpdate":false,"showSkybox":false,"showFlares":true,"showImageEffects":true,"showParticleSystems":true},"in2DMode":false,"pivot":{"x":-0.41258934140205386,"y":2.6031241416931154,"z":-0.6153504848480225},"rotation":{"x":-0.41263189911842348,"y":-0.015543908812105656,"z":0.007100499235093594,"w":-0.910762369632721},"size":1.4603619575500489,"orthographic":false}